analysis_timestamp,lad19cd,mean,low95,low90,low50,median,up50,up90,up95
2020-07-06T16:24:08Z,E06000001,1.1431135690624095,0.29929813469214456,0.3853813667191168,0.5919196869477549,0.8997736861962088,1.4111144207827973,2.1531443624221107,2.722301391796595
2020-07-06T16:24:08Z,E06000002,1.0843756945309062,0.40482256787060744,0.4843600095788839,0.6715171692521522,0.9551138800793038,1.32867436142464,1.7959812464428362,2.3477883134353426
2020-07-06T16:24:08Z,E06000003,1.1261938516103995,0.4153075256489871,0.4946297260302112,0.6690585283725158,0.9647150576847576,1.379141851704137,1.9417913542674903,2.4491869332088947
2020-07-06T16:24:08Z,E06000004,1.0424109159532018,0.42396563497082934,0.5049150167843335,0.662617095256805,0.9019290699572875,1.2973825117016464,1.763826349016875,2.066156390029575
2020-07-06T16:24:08Z,E06000005,1.0428501482337305,0.5080916464144744,0.589129677182869,0.7589125681798619,0.9807347003580119,1.2321792894889447,1.5629701677553336,1.8450602723356886
2020-07-06T16:24:08Z,E06000006,0.9465110982021588,0.4593752777813895,0.5301319725828594,0.6572084800210991,0.8611172807110559,1.1252425206337904,1.4771994979375103,1.7123723079804465
2020-07-06T16:24:08Z,E06000007,0.915744970537829,0.441071479747191,0.49803356772412155,0.646600505631915,0.8422952889459427,1.0780768906950464,1.4206342767225082,1.639638713095305
2020-07-06T16:24:08Z,E06000008,0.7153062980185777,0.1785693511704653,0.23098036381484335,0.34446966796145023,0.5590170151731393,0.8574570990463347,1.4114581658379577,1.8446406373613475
2020-07-06T16:24:08Z,E06000009,0.8549591444681073,0.2314119391024858,0.28436840857398327,0.4184593542108703,0.6604951626691595,1.0972468274212943,1.6357504668360479,2.0572503067613876
2020-07-06T16:24:08Z,E06000010,1.2395987424194312,0.39621083483417535,0.488010676736035,0.6790783245961254,1.0291970461071434,1.5425146587497558,2.20437883459637,2.81737070556168
2020-07-06T16:24:08Z,E06000011,1.1704880519351417,0.4596221786752499,0.5545841259687889,0.7327165242058796,1.0458399282739523,1.4216289524008077,1.8921723755846713,2.4245291444277526
2020-07-06T16:24:08Z,E06000012,0.8491223770884166,0.625961440852625,0.6693045001002166,0.7396422766999504,0.8293270323498291,0.9348635441165576,1.0637842682791452,1.1443614230441863
2020-07-06T16:24:08Z,E06000013,0.9567836381163054,0.3616367681777598,0.43315467035183375,0.5850223849058589,0.8266710186006039,1.1816544129839364,1.6334512300776778,1.9716643209760638
2020-07-06T16:24:08Z,E06000014,1.0084528002786286,0.4410621260387964,0.5203612361816188,0.6685661507254113,0.908545399409445,1.2231635872993794,1.6116270188521014,1.9184708077111057
2020-07-06T16:24:08Z,E06000015,0.8911261461868788,0.29900126365964713,0.36778432131681726,0.511928222719104,0.7411523121939393,1.1052127601220791,1.5894990131639444,2.0142754480599048
2020-07-06T16:24:08Z,E06000016,0.5314465454191782,0.0985234967835045,0.12619246253331076,0.20118271306413876,0.3492931378706415,0.6413306949450434,1.1126352277987286,1.576386160835527
2020-07-06T16:24:08Z,E06000017,0.68744295470958,0.3847898763856161,0.4179479880770673,0.5003251100953101,0.6160211595009742,0.7828868901207233,0.9929092538262018,1.2349904493152897
2020-07-06T16:24:08Z,E06000018,0.8327195798054948,0.44463866676742797,0.5011318210356472,0.608860299099138,0.7775303797827232,0.9861457169022236,1.2237746014036066,1.4037616758625038
2020-07-06T16:24:08Z,E06000019,1.1481311477852452,0.3450250646016061,0.4232040989698748,0.6156345283446049,0.9400512478578577,1.4587509193134016,2.1213123415851425,2.66890535949553
2020-07-06T16:24:08Z,E06000020,0.8304716802192926,0.4276279783311079,0.48510613658453716,0.5984938438775418,0.7847992492159783,0.9870626552263299,1.2497599623686964,1.4429649420287303
2020-07-06T16:24:08Z,E06000021,0.802554382732185,0.2490020296375253,0.2987075892423426,0.43798205551947667,0.6601973991177463,0.9955972579260854,1.4718901284570094,1.8144583842316593
2020-07-06T16:24:08Z,E06000022,0.8631411852407173,0.6508548699911687,0.6867415288177436,0.7652036222300571,0.8534959133306304,0.9447584132065331,1.051222188135262,1.1274552660894412
2020-07-06T16:24:08Z,E06000023,0.8823896205093174,0.5309662655396857,0.5872443158233176,0.6925751021688931,0.8493079295596976,1.0190877465034254,1.2282759954124072,1.3551043735674555
2020-07-06T16:24:08Z,E06000024,1.1995491608775841,0.3924005589411245,0.478918900961228,0.6733855924864182,1.0005954426737889,1.520079602498115,2.1700625695172966,2.761342587302138
2020-07-06T16:24:08Z,E06000025,0.9073739234490998,0.5796182455920318,0.630417999479999,0.7365237689549243,0.8765296462788611,1.04374358834303,1.2156378960033458,1.3419552759366407
2020-07-06T16:24:08Z,E06000026,0.9074838334872721,0.5362498318464938,0.6032864317964892,0.7034386156632493,0.8651758794124558,1.0610813617352177,1.2975009757025238,1.4375331714406694
2020-07-06T16:24:08Z,E06000027,0.8848285069317195,0.5231822655723293,0.5779053335790203,0.694476160468507,0.8496583077381925,1.038549918451572,1.2205560748086897,1.367270397389097
2020-07-06T16:24:08Z,E06000030,0.9502305085328807,0.4488553270886949,0.49478062889514024,0.639069266146092,0.8447443803156698,1.142963674303462,1.5363253599263107,1.7521709015836997
2020-07-06T16:24:08Z,E06000031,0.8817717984250355,0.2361754708926717,0.3100969479723549,0.44250282101367133,0.7045758570964058,1.1052226235387335,1.6124797662837937,2.1597646115594396
2020-07-06T16:24:08Z,E06000032,1.0451320726233726,0.2850056577758618,0.3773209493191278,0.5402737188035677,0.8475325823413482,1.347845826096976,1.9582033406929535,2.5863538081476927
2020-07-06T16:24:08Z,E06000033,0.7564405184486926,0.26803785215055537,0.3241098635857069,0.43021485676720705,0.6162512559062454,0.9497720732367808,1.374432375269715,1.6937323839815606
2020-07-06T16:24:08Z,E06000034,0.8195080016709109,0.41013804338213106,0.4834923492625356,0.5783172579746195,0.7462168887951821,0.9838983893765207,1.2221197340656,1.4117829137723346
2020-07-06T16:24:08Z,E06000035,0.9342096774148833,0.42212396566852867,0.502142051618378,0.6377742882941086,0.8557106109147095,1.144108045954978,1.4844176959469204,1.6986405662569684
2020-07-06T16:24:08Z,E06000036,0.9077001597707144,0.5724163371288447,0.628936412301877,0.7327024567751993,0.8811233641779825,1.0433878698622874,1.2238732202251033,1.37348902363807
2020-07-06T16:24:08Z,E06000037,0.9182935168140947,0.6306686112658708,0.6758591017001973,0.7717063527963844,0.88702429719223,1.0383112776311698,1.1866820847105475,1.299834294600984
2020-07-06T16:24:08Z,E06000038,1.0121112624220612,0.452018810025735,0.5274152655390432,0.6791310085059905,0.921274032611429,1.2270376821295716,1.5788260072707063,1.945689460584342
2020-07-06T16:24:08Z,E06000039,0.8807301103880417,0.42257612604722944,0.4868121898934659,0.6108692967960662,0.8117634633095843,1.0522574527046085,1.3716185630877196,1.5982224010797266
2020-07-06T16:24:08Z,E06000040,0.8583266933068423,0.6464322433873706,0.6796670981439428,0.7564688102881925,0.8465206056574297,0.950059731829306,1.049905495772008,1.1051057934929696
2020-07-06T16:24:08Z,E06000041,0.9334883521518365,0.5215679611031996,0.5860854162273627,0.7166652488457,0.8851669240304108,1.0931307739543772,1.339485219598981,1.5035190002413632
2020-07-06T16:24:08Z,E06000042,0.8268991202571812,0.5078155226715656,0.5606041472308454,0.6569705112240047,0.7925722147489176,0.9636292269325782,1.1330798220887912,1.262298825412356
2020-07-06T16:24:08Z,E06000043,0.9072656675260529,0.4806267514546647,0.5510365406598011,0.66816380471942,0.8443294723624473,1.0643932322614629,1.347221365790185,1.5766771660409296
2020-07-06T16:24:08Z,E06000044,0.8997432924430673,0.6182085378051972,0.6635115363078818,0.757561895750923,0.8815320020968399,1.0144855959518377,1.1582134949517195,1.2646855346072339
2020-07-06T16:24:08Z,E06000045,1.026430349727099,0.47692497868876643,0.5588075644999148,0.71597772489782,0.9281810127343042,1.2385736701429972,1.5993269601852225,1.9163976974141446
2020-07-06T16:24:08Z,E06000046,1.0206561770619995,0.36710545223784113,0.44431314248639064,0.6287844781215903,0.8870618861141906,1.257841407491805,1.7245625985313082,2.1116170089003337
2020-07-06T16:24:08Z,E06000047,1.1954054611249691,0.479817203637324,0.5499623648522433,0.751138669280939,1.0150369106945991,1.4438264800765424,2.0744225291254503,2.5599036060624636
2020-07-06T16:24:08Z,E06000049,0.8242395210136413,0.2734059755267896,0.34000385412100037,0.4751252390122086,0.678305904477708,1.0086975299689014,1.452544141851538,1.873040090374189
2020-07-06T16:24:08Z,E06000050,0.9116581376069843,0.2966567610266563,0.36281552571130266,0.5169125487311049,0.75406879441888,1.1398997483451523,1.6280296311600733,2.014556649596357
2020-07-06T16:24:08Z,E06000051,0.8137026590810118,0.27208477914011325,0.3436070579332752,0.47396582127831033,0.6867757352042938,1.0111193486482164,1.426764858296921,1.8369740869044568
2020-07-06T16:24:08Z,"E06000052,E06000053",0.8300014825535026,0.6464101470760463,0.6788332000532566,0.7425838087007732,0.819472994919801,0.9048402509672483,0.9915531776411464,1.0619351836379445
2020-07-06T16:24:08Z,E06000054,0.9145450176355359,0.5089600569278677,0.5587609740540962,0.6900828301856663,0.8676229966764286,1.0678623581640485,1.337111450724302,1.5043124187430015
2020-07-06T16:24:08Z,E06000055,0.7903926860626714,0.1534311260933421,0.21104351640331828,0.3333622533110483,0.5560695812153827,0.9660783848456679,1.6335049746629673,2.0973747156716582
2020-07-06T16:24:08Z,E06000056,0.9108994415423406,0.37212477395784993,0.4220476702529794,0.5741701394931189,0.8051720745131116,1.1073199828605893,1.4936844882195282,1.8497727237500408
2020-07-06T16:24:08Z,E06000057,1.0448942201901985,0.3818046750825141,0.4730108078943287,0.6635214969145118,0.9242497635765456,1.3002214806082264,1.7588521411941076,2.1133791340401338
2020-07-06T16:24:08Z,E06000058,0.8506442218257472,0.5418705715902701,0.6056035301307958,0.7074469084298243,0.8268905870869083,0.9660638828393945,1.1157064440395403,1.222589243504199
2020-07-06T16:24:08Z,E06000059,0.83918935775037,0.6350779609248849,0.6691788089685894,0.7390201625769416,0.8280218438156588,0.9192060359729044,1.0270028989054363,1.0970646174203962
2020-07-06T16:24:08Z,E07000004,1.0575947431724362,0.4260304474693805,0.49722033243007596,0.6586387782737498,0.9128550810027505,1.2868229876806303,1.7683410016844736,2.2155875578451045
2020-07-06T16:24:08Z,E07000005,0.87333682696785,0.5287557745717764,0.5844607347698841,0.6908641475877544,0.8436918266328401,1.00745059459176,1.2046846069790536,1.3149179726403633
2020-07-06T16:24:08Z,E07000006,0.8530238211541781,0.6202984043126736,0.6617264397723209,0.7428821378237824,0.8414566106017782,0.9481922671136004,1.0625246654375584,1.1355817760635303
2020-07-06T16:24:08Z,E07000007,0.8666919162606473,0.6106975217723998,0.6529442881902842,0.7411050687257256,0.8515707563030139,0.9698663277893361,1.0994243197052715,1.1687555678312458
2020-07-06T16:24:08Z,E07000008,0.8259860395231983,0.5678871376483223,0.6063135427288624,0.6915850810132962,0.8002056641201886,0.9396420706549156,1.0685771856414246,1.1761370084507299
2020-07-06T16:24:08Z,E07000009,0.8213217979458581,0.5503123599656092,0.6030681735033423,0.6931591778635348,0.8027393287852451,0.930503024143843,1.0744107907069624,1.1648948308878173
2020-07-06T16:24:08Z,E07000010,0.8511085296598803,0.3248600619122648,0.38944989196693136,0.5392227133369397,0.7677333267744229,1.0458749382433625,1.4261308832541455,1.6812643727468648
2020-07-06T16:24:08Z,E07000011,0.8620415583505456,0.29994675893053674,0.3549350756517657,0.5095194661599562,0.7342128448733134,1.0938896633204804,1.4916162561006185,1.8341622450089368
2020-07-06T16:24:08Z,E07000012,0.820118188490585,0.5841127887592596,0.6204974438904935,0.6968671917697623,0.800667888203229,0.924586349865486,1.0542848693437563,1.1210096179422255
2020-07-06T16:24:08Z,E07000026,0.9359452886194297,0.4506945298365315,0.5170290346138625,0.6572562851879598,0.8507253498099745,1.1227396958601894,1.4491304798405948,1.702811552095012
2020-07-06T16:24:08Z,E07000027,1.190822726244518,0.2896480659614099,0.3672611676724595,0.5912825880424208,0.9562591699615851,1.510796822559699,2.3496442797127823,2.9769661889310264
2020-07-06T16:24:08Z,E07000028,1.080962345708422,0.30243130791770517,0.38825753313791833,0.5739686459426904,0.8957383027015864,1.325810850538784,1.953133325890018,2.450190997192218
2020-07-06T16:24:08Z,E07000029,0.9825790502606445,0.40855119222867436,0.4835258552429999,0.6398763631388809,0.8767045528241961,1.198303255134034,1.5914827060901093,1.9174696973155902
2020-07-06T16:24:08Z,E07000030,0.9640288433287075,0.4270781374149025,0.4861883991871006,0.6379093384535066,0.8644805257144927,1.142819249254432,1.5104653453884618,1.8213051392861561
2020-07-06T16:24:08Z,E07000031,0.9257724889654663,0.45490969879786264,0.5176320221378788,0.6611008150198436,0.8416273318986883,1.1047663136272659,1.4224367244284855,1.6679066387722232
2020-07-06T16:24:08Z,E07000032,0.8371362395600902,0.4334936207289763,0.4894330778273937,0.6149801708658559,0.7903384286996722,1.0114746317105343,1.218130193052322,1.3936743136749705
2020-07-06T16:24:08Z,E07000033,0.7792093036551264,0.4619861779158922,0.507192218708051,0.6114017820416031,0.746439376227668,0.9153032069708984,1.0858319675971113,1.2100776702909244
2020-07-06T16:24:08Z,E07000034,0.8078638482289437,0.36410931704384447,0.42050254017786576,0.5389605287672077,0.7380987824632339,0.989299767061497,1.291065885231084,1.5232188503414557
2020-07-06T16:24:08Z,E07000035,0.7764911293922624,0.4570953213044412,0.5224094423147467,0.6053249681797224,0.7388571872955985,0.9071501845595815,1.0824792003099337,1.2017232299279548
2020-07-06T16:24:08Z,E07000036,0.854956293231898,0.42286148797277934,0.46666358197703905,0.5969368539394343,0.7870320191694309,1.0265328304105457,1.3199556322425283,1.5715123267919766
2020-07-06T16:24:08Z,E07000037,0.7989997448152542,0.33960156662404006,0.4005610112672111,0.5145694940725395,0.7040594151756002,0.9779789403330024,1.3148378040065245,1.6021650813204498
2020-07-06T16:24:08Z,E07000038,0.7835570919341022,0.3078156411617943,0.3688287055737551,0.47940893122819317,0.687705556648168,0.974362495189156,1.2991784354129559,1.5409460116023117
2020-07-06T16:24:08Z,E07000039,0.8472057016246757,0.4292748372057765,0.5013526235482932,0.6016650495550218,0.7845277728342637,1.0201365121156991,1.2802556415452484,1.4906117747857264
2020-07-06T16:24:08Z,E07000040,0.8556353034894675,0.6175935521026671,0.6602194478928093,0.7302303135800426,0.844304139986308,0.9584723661983753,1.0810523515036286,1.1390495972927224
2020-07-06T16:24:08Z,E07000041,0.8833047143717001,0.5984599014894738,0.6475017571755699,0.736174094269078,0.8647456578595196,1.001698020850661,1.152856038833003,1.2499173687165037
2020-07-06T16:24:08Z,E07000042,0.913283109841501,0.4575153145942757,0.5158848649421997,0.6514006987511399,0.822983360981284,1.0819191414341702,1.3804176770399756,1.6115658238195174
2020-07-06T16:24:08Z,E07000043,0.873694046004041,0.5432922963443213,0.6157872653429934,0.7097388950282837,0.8467387211647748,1.0008783942737745,1.1718236737650463,1.3137726647911736
2020-07-06T16:24:08Z,E07000044,0.923309963444694,0.5334638722155496,0.599354707773817,0.709501922288561,0.8770641328839448,1.0736826249668685,1.3337921051661528,1.4792520817635986
2020-07-06T16:24:08Z,E07000045,0.8737287749187456,0.5997372815181669,0.6464352190889004,0.7414071221168985,0.8490707318014636,0.9912748843848691,1.133605904914191,1.239994952887525
2020-07-06T16:24:08Z,E07000046,0.8525168223315229,0.5203877824401332,0.57006395691472,0.6799691519584754,0.8155362550748848,0.9894748999528753,1.1644520986952158,1.29991477816323
2020-07-06T16:24:08Z,E07000047,0.8806865256347229,0.5814531572036374,0.624015779213575,0.7279725727737351,0.8586958314213737,1.005783114232583,1.1551519916933741,1.251563194139041
2020-07-06T16:24:08Z,E07000061,0.8165085665160909,0.25887103018280055,0.3269481569131264,0.4576397082251911,0.6614836394973089,1.007398657270534,1.4989757094926122,1.9012134339671984
2020-07-06T16:24:08Z,E07000062,0.8430313887650266,0.549515787993478,0.6093903332865209,0.6979361206281207,0.8058867623178141,0.963527778787761,1.1203809603821613,1.2486588579850737
2020-07-06T16:24:08Z,E07000063,0.9117618387275767,0.4306882668627684,0.4851615051592576,0.619574813487046,0.8316409970715672,1.0885709809790278,1.4737116360611155,1.7097570512034155
2020-07-06T16:24:08Z,E07000064,0.8394756247051097,0.5749642780552358,0.6148765910269383,0.6996527638117892,0.8077506148245985,0.9426043504391206,1.086857447863212,1.2183697243085945
2020-07-06T16:24:08Z,E07000065,0.8528156761043862,0.4255220823418968,0.49723736677547464,0.616051794708127,0.7835737420840045,1.0232866132103937,1.256875365706502,1.478862259845109
2020-07-06T16:24:08Z,E07000066,0.8104705377226789,0.3319073633362129,0.4037234127457503,0.5382567693188348,0.7225873814453655,0.9837506555018702,1.315039876633628,1.5833853640514206
2020-07-06T16:24:08Z,E07000067,0.9215572243702543,0.483238094390748,0.5529872190932765,0.67608318071226,0.8485621561488327,1.0998612308759794,1.4033176562960374,1.6066231271517262
2020-07-06T16:24:08Z,E07000068,0.7847653363059989,0.5023012116366313,0.561639289993379,0.6505502237363331,0.7619900130663879,0.8974839652737208,1.031252426431501,1.1386947274667052
2020-07-06T16:24:08Z,E07000069,0.7734782817671538,0.3375743292677476,0.3893634442251767,0.5046718685231562,0.6817420391092001,0.9291426985015907,1.2721804914690706,1.5161887831349377
2020-07-06T16:24:08Z,E07000070,0.9077231453620268,0.35151660267515195,0.42197894510183126,0.571775598195252,0.7823710878943655,1.1284437768508508,1.6065615403321267,1.8468773776188738
2020-07-06T16:24:08Z,E07000071,1.072181630956972,0.4536276760756469,0.5122498953797485,0.6848367055521974,0.9347219522272339,1.3087043316645774,1.7848437104336297,2.039054688495434
2020-07-06T16:24:08Z,E07000072,0.9101327456023857,0.4826540665140515,0.5505132087848338,0.6808716718389857,0.8630767471236473,1.075825536121618,1.3035195486220932,1.50238079016576
2020-07-06T16:24:08Z,E07000073,0.9433282104506561,0.4601439216459628,0.5363577000432566,0.6599758871279722,0.8555523821933532,1.1209267947327537,1.4616354799555948,1.7447786059993091
2020-07-06T16:24:08Z,E07000074,0.8772788225695093,0.583953501497951,0.6365229919599745,0.7362136752253657,0.8524363285658679,0.9932813249664512,1.1405095155421852,1.2495783768957247
2020-07-06T16:24:08Z,E07000075,0.7886809089277534,0.35444631707074875,0.4059234631972354,0.5166784913488702,0.6965404830990081,0.9514841164489181,1.2837558461929435,1.5466423689604767
2020-07-06T16:24:08Z,E07000076,1.2440102714826988,0.37104676569906714,0.45329330326523004,0.6581889780433012,1.026075640510961,1.57100667303661,2.30546174206852,2.8877175978215885
2020-07-06T16:24:08Z,E07000077,0.8805350331568065,0.5459924030142956,0.6021074923584449,0.7034423396782276,0.8420476674122088,1.0163464701107643,1.2107872224326317,1.312563065008288
2020-07-06T16:24:08Z,E07000078,0.9237249761342187,0.501959784031975,0.5633099985869612,0.699365888544668,0.8738168984038508,1.1054839853704712,1.3203589993593465,1.4931615364620003
2020-07-06T16:24:08Z,E07000079,0.8642531436269842,0.6349924625203937,0.6736894738103191,0.7527273954625715,0.8471313245623104,0.9555143687203485,1.0817157098335026,1.1559149039748522
2020-07-06T16:24:08Z,E07000080,0.9062830268870673,0.5788729437403615,0.6398537279372097,0.7434086457883822,0.8745412781409431,1.028898187642787,1.2071330639673095,1.3208745087854836
2020-07-06T16:24:08Z,E07000081,1.0183645459468138,0.4347943422097581,0.5154726570384957,0.6795240542604897,0.9024879879386376,1.247348478987262,1.6396574760395555,1.9598710150985295
2020-07-06T16:24:08Z,E07000082,0.8885731286840574,0.5724675681535127,0.6286527985031387,0.7318325408266997,0.851215567071185,1.0046651760202312,1.1847106726361223,1.317930727459588
2020-07-06T16:24:08Z,E07000083,0.9033891212429808,0.5789203795474894,0.639360910739373,0.7350979857953658,0.8685255752871834,1.0378788341809921,1.2178046608920372,1.3157151533161018
2020-07-06T16:24:08Z,E07000084,1.1979543122072227,0.4105122155117784,0.4925008979947576,0.6880904454627154,1.003456461448657,1.482301144277587,2.0953817208853915,2.633987779696729
2020-07-06T16:24:08Z,E07000085,1.0564178175279073,0.4265495716485586,0.49531674469465636,0.661488557599654,0.9121734795662271,1.260229619684837,1.7873236721490677,2.126792882452754
2020-07-06T16:24:08Z,E07000086,0.9736425901997448,0.558240939753934,0.6222161996319543,0.7430184802160329,0.9341121861864019,1.161459844131759,1.3890165880476277,1.5508596078402486
2020-07-06T16:24:08Z,E07000087,0.917181293819706,0.6267979115940768,0.6809062800404464,0.7719153523745067,0.8904820640641269,1.0227585732307303,1.194348653196094,1.3038830505464445
2020-07-06T16:24:08Z,E07000088,0.9399780053400879,0.4753895501420303,0.5543917473104788,0.682624549335931,0.8726115137737652,1.1361685707938076,1.3920163718857415,1.588277184744592
2020-07-06T16:24:08Z,E07000089,0.9460927147470212,0.6168346571636848,0.6712012349789073,0.7766039426696956,0.918648148966264,1.0868670426161935,1.2644876068923643,1.3902107282447418
2020-07-06T16:24:08Z,E07000090,0.9260769290253124,0.5573485199471387,0.614556709208161,0.7303951564114692,0.8822489797461787,1.0723639551002981,1.268006379365492,1.462098340122848
2020-07-06T16:24:08Z,E07000091,0.8968222306314677,0.5415323025456575,0.606222453456589,0.7141273229590105,0.8645020520714848,1.027391369425066,1.2211973309628388,1.369145140046702
2020-07-06T16:24:08Z,E07000092,1.1915064102663737,0.393149241019928,0.4911052031253444,0.7070866938369343,1.000162142200212,1.5028049038004612,2.0636050488092503,2.5192847468194426
2020-07-06T16:24:08Z,E07000093,0.9734964331676441,0.5353664128169688,0.5989206189742362,0.7341867388248245,0.9168711188984067,1.153619198201726,1.4485880161648141,1.5955938226127282
2020-07-06T16:24:08Z,E07000094,0.9675538447917982,0.6083004119062965,0.6805125170676394,0.7910542452913674,0.9408776580410879,1.1079291916830798,1.2759348114445002,1.4022427962958626
2020-07-06T16:24:08Z,E07000095,0.8639620784255041,0.6006079645082641,0.6537450659906368,0.7370679473522626,0.8416466457653219,0.965559017953141,1.1063536460023264,1.192582339789695
2020-07-06T16:24:08Z,E07000096,0.8784029365125031,0.540606183504978,0.5969542464973183,0.7029004632805906,0.8381356271185776,1.0174924263928826,1.220836009470144,1.3417152976874616
2020-07-06T16:24:08Z,E07000098,0.9122357650020557,0.544475957648458,0.6150925612676895,0.7258385261431648,0.8706254420040125,1.0596345436193098,1.2530687932982982,1.4098356207775071
2020-07-06T16:24:08Z,E07000099,0.874563844390644,0.5490429999828023,0.5928658829555822,0.6977241002644707,0.8255623184645254,1.0148633435343237,1.2187985093622788,1.3571626540527413
2020-07-06T16:24:08Z,E07000102,0.92305586625102,0.5117516742341127,0.5887264280489011,0.7199979574250727,0.8796817439493994,1.079923973436825,1.3342122868826713,1.4856661010879266
2020-07-06T16:24:08Z,E07000103,0.9733447563609946,0.4551063565735732,0.5263237759600039,0.6564325092998331,0.8948617853661145,1.1705101068801007,1.5348750616722278,1.767072622713445
2020-07-06T16:24:08Z,E07000105,1.0179074318376569,0.1629614058269751,0.2170064172495795,0.3687123889122072,0.6687264385868077,1.1994105488958937,2.0904798889632294,2.912973423459536
2020-07-06T16:24:08Z,E07000106,0.841619785001525,0.3848418033973255,0.43895384638813156,0.580138039077451,0.7564090237771637,1.0134310351147247,1.2909784565728089,1.5348777451309714
2020-07-06T16:24:08Z,E07000107,0.971976565056484,0.4264157774707628,0.5021428887051076,0.6395732910395593,0.8843165095839212,1.1989856302735142,1.5926073291349603,1.8884951735480848
2020-07-06T16:24:08Z,E07000108,0.8975588260074294,0.28841391336714295,0.36934924505333233,0.5116073902265564,0.7503773077512745,1.1021937778005462,1.6034012015524601,1.9692190782222845
2020-07-06T16:24:08Z,E07000109,1.1100979388265346,0.35267542279767605,0.4346502185618488,0.6199554445622563,0.9122611051020163,1.3829772450980502,2.061408602741219,2.594681965839687
2020-07-06T16:24:08Z,E07000110,0.8654922307559595,0.4517598269723753,0.5114341147659459,0.640910162751002,0.8027045500850325,1.0234350335133695,1.2725762942438978,1.4577309421088094
2020-07-06T16:24:08Z,E07000111,0.8741013284790344,0.5719136702292034,0.628679787063746,0.7197127960603292,0.8436376462423838,0.9935128092055939,1.1516002103616938,1.274607329615895
2020-07-06T16:24:08Z,E07000112,0.9286952042418732,0.2352111188590456,0.29510431832149747,0.43770938908438634,0.7124438828314759,1.1988539979372546,1.7975689439622349,2.2392631469247983
2020-07-06T16:24:08Z,E07000113,0.9305293357028745,0.40536915889484276,0.48171355698168866,0.6184845489092847,0.827989936169722,1.1534202719833118,1.495092315772446,1.7571639993401402
2020-07-06T16:24:08Z,E07000114,0.8916916966713087,0.21385657871125596,0.2659396259307487,0.4134927476704943,0.6741479126451142,1.135088058766554,1.723219249174472,2.272230041884919
2020-07-06T16:24:08Z,E07000115,0.861083659307462,0.5818714516398937,0.6337905463409317,0.7194022660489598,0.8360153891659905,0.9537224024938946,1.1103075300729202,1.2185663325011369
2020-07-06T16:24:08Z,E07000116,1.0030340613950777,0.36429531793548414,0.46167854376859074,0.6209987269868792,0.8633892520819743,1.2230868575130813,1.6791107050522294,2.156785345956928
2020-07-06T16:24:08Z,E07000117,0.7955782692694752,0.3441865333115001,0.4016879202038639,0.5203071002775096,0.6923593409289976,0.9893288088863099,1.307990098312066,1.5109725648881651
2020-07-06T16:24:08Z,E07000118,0.9385007993439266,0.3341306920971475,0.39379318729322565,0.5436913613013917,0.8050814758759413,1.1656788110831187,1.6047056878279942,2.0399756823779236
2020-07-06T16:24:08Z,E07000119,0.8115462052619873,0.3898459769613243,0.44875887827428323,0.5593131346620073,0.7449493446530608,0.9854719315230545,1.2442178904132102,1.46036370415131
2020-07-06T16:24:08Z,E07000120,0.7491715972901605,0.3677024708890226,0.4169462546628848,0.5215532695276923,0.698055739311484,0.8986257946406553,1.1745830828498314,1.3205761856839255
2020-07-06T16:24:08Z,E07000121,0.9249865993051862,0.3467541890242997,0.41616987998871147,0.5684702821582601,0.8054074545006327,1.1166023265439702,1.5714171764328273,1.9065748218248793
2020-07-06T16:24:08Z,E07000122,0.8687589886651879,0.3143856465806435,0.3849290888627679,0.5335647386503518,0.7494486311113804,1.0422618580883054,1.4585337686509514,1.776374805916063
2020-07-06T16:24:08Z,E07000123,0.8812081846817974,0.31465968597721305,0.37472128277101696,0.5316852611685472,0.7557927315465232,1.0729166811474695,1.5741971219463435,1.918995040305545
2020-07-06T16:24:08Z,E07000124,0.7431651724036503,0.4514876054625981,0.4950753782823742,0.5835627853757223,0.7038693870745902,0.8552639284766484,1.038559505235215,1.1672197633067398
2020-07-06T16:24:08Z,E07000125,0.7764272601207923,0.36162995068814074,0.4113097564413705,0.5411495347210927,0.7243458114764108,0.9338976959708603,1.1906580373885118,1.4077366817792227
2020-07-06T16:24:08Z,E07000126,0.8458003264136913,0.44033782033104396,0.5023947363843062,0.6193425012899931,0.7783201856205091,1.0168803909365467,1.2472906150975687,1.4119311815367044
2020-07-06T16:24:08Z,E07000127,0.9155355653972981,0.378267795880887,0.4405054061789171,0.5788479519161385,0.8139781814724665,1.1123050431287238,1.4763006137517254,1.8350875736091095
2020-07-06T16:24:08Z,E07000128,0.9318112709353101,0.3314268057479839,0.3857615278618754,0.5331687622942971,0.7893506485472057,1.1661881383999326,1.6591822752276002,1.9474626442357583
2020-07-06T16:24:08Z,E07000129,0.5450146169839687,0.1567992689839425,0.18707838001604668,0.26000182068720784,0.38964839836437454,0.6561142360977044,1.032942496629836,1.4643143930906362
2020-07-06T16:24:08Z,E07000130,0.7002481027856283,0.22654627411751452,0.2738242643980373,0.3839675918969995,0.5783896277541916,0.8506302395859145,1.2414275643154518,1.63476930699624
2020-07-06T16:24:08Z,E07000131,0.5854772204598294,0.21168506446710406,0.2471137965166779,0.3280330632054765,0.46043612957468855,0.691066827253915,1.01788588498075,1.368577423717895
2020-07-06T16:24:08Z,E07000132,0.6524411288073475,0.23625551544866047,0.2737944689453082,0.37246820709125633,0.537363639888521,0.7847062572041246,1.1504406426591673,1.511942083464454
2020-07-06T16:24:08Z,E07000133,0.612378632087597,0.24698578730486268,0.28029303621769935,0.3663341905660254,0.48816383124552065,0.71147434113367225,1.015302084333804,1.3646586895100739
2020-07-06T16:24:08Z,E07000134,0.659032680504032,0.3460479123518853,0.3835111513669231,0.4641985879894029,0.579027869469406,0.7387824937299652,0.9773580407082767,1.2620188380970359
2020-07-06T16:24:08Z,E07000135,0.5304215784101892,0.12657553367066918,0.15570955265490372,0.2271376753171428,0.3754440240848105,0.6403563871741461,1.0312558541883179,1.4767161700402203
2020-07-06T16:24:08Z,E07000136,1.2750513550467655,0.2869648989423418,0.3753835140321101,0.5635663908514709,0.9001191560271843,1.5886837448641051,2.5962771344744735,3.434528714330317
2020-07-06T16:24:08Z,E07000137,0.8417501362804364,0.583380778822849,0.6303897630579653,0.7181828082562648,0.8240704636420755,0.941099523064618,1.0753654926131548,1.1552905792142885
2020-07-06T16:24:08Z,E07000138,0.8086725135142918,0.51587189609694994,0.5677461601790474,0.6610969163158722,0.7706496566118755,0.9353225440656323,1.0792220708828126,1.1780865078251554
2020-07-06T16:24:08Z,E07000139,0.8253035616848369,0.5788715943745512,0.6180461388591227,0.6946520853533278,0.8050869046187863,0.9303429679429034,1.0642206628045168,1.1293723234504789
2020-07-06T16:24:08Z,E07000140,1.2650342800451877,0.318886236662293,0.40113386865405426,0.5840836588837361,0.9477547466218188,1.5745067227693021,2.3906231962858935,3.2415412392053717
2020-07-06T16:24:08Z,E07000141,0.8295032792952655,0.4442065252920625,0.5038321079698839,0.619102436606868,0.7944060046594968,0.9882524389428259,1.1923044304554873,1.356314356010804
2020-07-06T16:24:08Z,E07000142,0.8052626900743007,0.5683615217792168,0.6129705420209903,0.6877176862669867,0.7927134016329662,0.9006756768333704,1.0160163017631207,1.100064881006379
2020-07-06T16:24:08Z,E07000143,0.9525810467995687,0.4441845995142304,0.4987763649554741,0.6692021131265493,0.8879737750615255,1.1562184365899866,1.477351490343249,1.678285619536697
2020-07-06T16:24:08Z,E07000144,0.9826175627711755,0.42843879711358895,0.4985276534018411,0.6573222565341434,0.8967583410839088,1.1892785808384756,1.5576751194035903,1.854077011763743
2020-07-06T16:24:08Z,E07000145,1.0536043102011576,0.4320718240253816,0.5156204428325972,0.6784337657436148,0.9421292644728634,1.2764939762746104,1.7981983694752839,2.152940162170366
2020-07-06T16:24:08Z,E07000146,1.0442307443840664,0.31299822097698826,0.4047392629394995,0.5591251598621843,0.8453219853149675,1.301994219958887,1.9240062545704335,2.3985367014936583
2020-07-06T16:24:08Z,E07000147,0.8742899241886446,0.5487090434003274,0.6041134633891173,0.7095494367901933,0.8440973351398969,1.001074783064347,1.1831234508847501,1.3205498424383546
2020-07-06T16:24:08Z,E07000148,0.9030385093927664,0.5652251220913477,0.6259423111597349,0.7281067074862422,0.8849919018359476,1.0468911910394236,1.2224769047906028,1.323784529430425
2020-07-06T16:24:08Z,E07000149,0.888295089556926,0.5333879730120397,0.6067935704302814,0.7095913665664653,0.8484187106617018,1.0351790857210663,1.2256642142429077,1.3506513433516063
2020-07-06T16:24:08Z,E07000150,0.7999406945810836,0.3201051207569103,0.37840330192600213,0.4952562532432837,0.685320587276219,0.9718782360940439,1.3735665075270806,1.620255878088991
2020-07-06T16:24:08Z,E07000151,0.741803067555221,0.41569792024380575,0.4545143458922002,0.5509777422920288,0.6759493034872524,0.8500903343082465,1.0872970237075348,1.307294801805512
2020-07-06T16:24:08Z,E07000152,0.7866306654799349,0.37753693848876324,0.4412992847449139,0.5578547047399818,0.7172567056875132,0.9302300907108079,1.2180460488383558,1.4187064035397454
2020-07-06T16:24:08Z,E07000153,0.830272635647889,0.2822343217083548,0.3468636373208567,0.4729928030713325,0.6890011732839982,1.0152703168849317,1.4989959824567285,1.8091882664742178
2020-07-06T16:24:08Z,E07000154,0.7851512568591276,0.255396793506444,0.32186280839973097,0.45699963416166844,0.64932140462769,1.0020345166893376,1.3887022198418868,1.6629246363991645
2020-07-06T16:24:08Z,E07000155,0.8064120812962055,0.5039218879105972,0.5572101740899,0.6510206876114378,0.7627683565360752,0.9239203147602795,1.1100078006030176,1.2255703878567072
2020-07-06T16:24:08Z,E07000156,0.7501748654356818,0.37020591847812806,0.4214816031167099,0.5309770749625335,0.6854896239590216,0.9145437861684675,1.142077953802845,1.3147872526462907
2020-07-06T16:24:08Z,E07000163,0.7004767545635178,0.2883905984451361,0.3337748049006507,0.4316007352723635,0.5903379522705972,0.848351609042216,1.1695562311052796,1.5422057386388681
2020-07-06T16:24:08Z,E07000164,0.8922906571439997,0.5959545852236168,0.6453262316837058,0.7396495954754199,0.8653091859939704,1.015912563630823,1.1870614343177683,1.2721650936978601
2020-07-06T16:24:08Z,E07000165,0.8179281260778041,0.3604235457653175,0.41110773370727394,0.5452713253719426,0.7305500116247365,0.994515877204167,1.2986036735622561,1.5693991651024815
2020-07-06T16:24:08Z,E07000166,0.8719191612487699,0.45686506252203557,0.5156097777319903,0.6473090099450275,0.8193037904280642,1.0409922700215328,1.2995643730323656,1.4601872716771656
2020-07-06T16:24:08Z,E07000167,1.0227308783762967,0.5331491589544154,0.622243773613255,0.7571332372420853,0.9473919824670488,1.191561148048047,1.538473367656847,1.7885646892421014
2020-07-06T16:24:08Z,E07000168,1.293472872578401,0.32091936907536894,0.4154715093619613,0.6143661812697658,0.985501147747003,1.5924492257995677,2.497679890887674,3.3133990099692037
2020-07-06T16:24:08Z,E07000169,0.825897496630099,0.5261992174189724,0.5739426658117102,0.6651718245161033,0.7932967864334355,0.9478282762590102,1.096236652113439,1.2334278471026323
2020-07-06T16:24:08Z,E07000170,0.9181391191016564,0.41474079924793655,0.47025574021037553,0.6068393388031466,0.8347274265047426,1.1060013677390756,1.5322179830269074,1.761347026030184
2020-07-06T16:24:08Z,E07000171,0.7424087293279854,0.2596141445107862,0.3059491352234541,0.4326137391424977,0.6481918362812421,0.9243740150935569,1.2898389922149793,1.5638399564274186
2020-07-06T16:24:08Z,E07000172,0.8449196521371443,0.46885732012888937,0.5330449415422899,0.6404188618204455,0.7946631444670469,0.9947419231266634,1.2173504061663916,1.37379513518769
2020-07-06T16:24:08Z,E07000173,0.8357237680264986,0.493640454195817,0.5429586015956793,0.644388147030296,0.7895126236010944,0.9846384417887026,1.1798893698857291,1.326595756749907
2020-07-06T16:24:08Z,E07000174,0.8073594959419673,0.4878447215323636,0.5412570266437988,0.6429780403566404,0.7840815256574505,0.9407543223498804,1.0932191959393645,1.1982872865483343
2020-07-06T16:24:08Z,E07000175,0.788965273173955,0.5206786530788226,0.5672840139709838,0.6498386638371778,0.7567237737224466,0.8949767483814606,1.0578367478479094,1.1491452186985711
2020-07-06T16:24:08Z,E07000176,0.7867839895795627,0.4949158489137171,0.5419281859727775,0.6307377343590679,0.741081953635847,0.8954892955100823,1.0715575456724964,1.2085265144028718
2020-07-06T16:24:08Z,E07000177,1.064295541316561,0.4372802668259528,0.5093525214482715,0.6749571316397256,0.9328220486722477,1.3044456606005148,1.7659562279846015,2.13478407992038
2020-07-06T16:24:08Z,E07000178,0.9902293222188316,0.41783540106437744,0.5040820833212889,0.6727283500715946,0.8872640437738923,1.2061237568339649,1.5762448644474218,1.8434824791780913
2020-07-06T16:24:08Z,E07000179,1.0265143572454056,0.44352754720887994,0.5295568963790711,0.6999544872044065,0.9133054425759324,1.2494215737592425,1.6528569109740077,1.8749688819983235
2020-07-06T16:24:08Z,E07000180,0.9164888884073707,0.5341473186757832,0.5940307222169302,0.7295465379249654,0.8739955579726919,1.0729928115820535,1.2505749989683665,1.3988062870251312
2020-07-06T16:24:08Z,E07000181,1.085223213093157,0.3956595752279084,0.47124844485660244,0.6550065772047391,0.9255444480380223,1.328700313573855,1.9422853192112393,2.358526992992469
2020-07-06T16:24:08Z,E07000187,0.877839746256807,0.6220155278438674,0.6761495805759037,0.7603983902822374,0.867084320193314,0.9738260560768405,1.100172256821784,1.196754541227123
2020-07-06T16:24:08Z,E07000188,0.990134667203212,0.4067994153517961,0.504794241883742,0.671359941310374,0.9212657168162588,1.206603500199086,1.5828200103042347,1.8110126588819457
2020-07-06T16:24:08Z,E07000189,0.8757292834646956,0.5701305971003942,0.6140714244434106,0.7315459220833198,0.8521815349166916,0.9865753499817189,1.1621898427467507,1.2699169184549703
2020-07-06T16:24:08Z,E07000192,0.8473902836873212,0.578791333112658,0.6209204962266429,0.7076282273632786,0.8274482549689415,0.9523435852924177,1.0967713968730377,1.2129819640901065
2020-07-06T16:24:08Z,E07000193,0.8374193540258144,0.39614493684505697,0.46939120379805077,0.605087700853159,0.7746188380493373,1.010101229782594,1.2784901773833226,1.476147811070556
2020-07-06T16:24:08Z,E07000194,0.8585282895532966,0.5507250884678732,0.592663954327614,0.6862125625078495,0.8197769467844311,0.9808553835979066,1.1600537195126133,1.2923770826793115
2020-07-06T16:24:08Z,E07000195,0.774912579969661,0.2654181970186764,0.3189192940353588,0.45621525496241744,0.6634474094922922,0.9762940509970562,1.3307720863640573,1.695590530688087
2020-07-06T16:24:08Z,E07000196,0.8280623890521089,0.52016907354673,0.5636969509717715,0.6669753349808963,0.8002133451235547,0.9567909485099472,1.1362763461971346,1.2679362219701715
2020-07-06T16:24:08Z,E07000197,0.8516027273707316,0.3984366047111391,0.46172433833983456,0.6020374124712903,0.7805926448959704,1.0112732436620036,1.2840625748241126,1.516953258810698
2020-07-06T16:24:08Z,E07000198,0.7672732127262241,0.31125665176645223,0.3747145468540115,0.5009388341755775,0.6885559165443801,0.9454411215665283,1.2638177410970428,1.4959096328232435
2020-07-06T16:24:08Z,E07000199,0.8360712788871495,0.4088330773362127,0.4747975803504687,0.5943003346327533,0.7672871577784102,1.0042944280744888,1.2699577591633182,1.5174990216552324
2020-07-06T16:24:08Z,E07000200,0.9146389419756639,0.5274491177760979,0.596516507421503,0.7103862161128007,0.8750671890006161,1.0817223517806815,1.2690196794008946,1.398880832910311
2020-07-06T16:24:08Z,E07000202,1.1355763767249063,0.4558243482885177,0.5311986910389089,0.715170246778741,0.9995761825801116,1.4047623871504462,1.8660907930613848,2.186987784724972
2020-07-06T16:24:08Z,E07000203,0.948779783274554,0.4979193348041185,0.5689281903240279,0.6945806334431964,0.8788035264461072,1.1261552310660696,1.401745422949402,1.623057906403338
2020-07-06T16:24:08Z,E07000207,0.8513687951453329,0.5807827180985236,0.6265844494776097,0.7142892113600321,0.826306116647572,0.9611710032910179,1.1014661700336832,1.217905307716778
2020-07-06T16:24:08Z,E07000208,0.9149070382767541,0.5531878722042376,0.6086986953050609,0.7230806310929286,0.878469203449914,1.061622089068322,1.2678023584350393,1.4188356884822884
2020-07-06T16:24:08Z,E07000209,0.9374557333771684,0.5337761736995296,0.603547754359304,0.7272676264021577,0.8913936656944685,1.0949886911774929,1.339173491513938,1.5028248101735067
2020-07-06T16:24:08Z,E07000210,0.8666403430105033,0.5497011681161752,0.6036595652350182,0.6993457187658507,0.8431584800329454,0.9877434026007413,1.1546173625040408,1.297123870223433
2020-07-06T16:24:08Z,E07000211,0.9887599704701696,0.4457718538873631,0.5102154412534673,0.6580865251839304,0.8766123029140827,1.2178868165298438,1.5647385475378195,1.8892677935271767
2020-07-06T16:24:08Z,E07000212,0.8820084627266187,0.6132646727596901,0.6567640790692673,0.7462268029700222,0.8584880096584337,0.9946955425811674,1.14413054275665,1.227074443193969
2020-07-06T16:24:08Z,E07000213,0.8860120057248151,0.5235405892564736,0.5906716382490924,0.7027972731027811,0.8416308050259633,1.0340891221117547,1.261467474643297,1.3768486477065423
2020-07-06T16:24:08Z,E07000214,1.0002196284323297,0.5093719089775358,0.5797101686487448,0.7223873223518739,0.9320003205087408,1.2086574783378878,1.5091833943421673,1.738296060430082
2020-07-06T16:24:08Z,E07000215,0.9286557451236324,0.486789910086227,0.5582718662672782,0.7026476660758123,0.8866868665661387,1.1055945557279259,1.3658741639720413,1.5200880032371156
2020-07-06T16:24:08Z,E07000216,0.9570354912595208,0.4757552235022835,0.5447611099975775,0.6745783356501427,0.870234120806495,1.148088340497632,1.4734204626781409,1.7578917279800725
2020-07-06T16:24:08Z,E07000217,0.8900497906316883,0.5151230341010009,0.5675477850001406,0.6744928549325697,0.841112334197912,1.0475038073361629,1.314330470526248,1.4384967417600214
2020-07-06T16:24:08Z,E07000218,0.8326282567154952,0.5135788714090217,0.5557284786554699,0.6597867495164655,0.7896768069997167,0.9626155531009711,1.157682545483471,1.272596490678058
2020-07-06T16:24:08Z,E07000219,1.0744612595552085,0.27700447658320915,0.35736426496584117,0.5530142049377449,0.8625613083389296,1.3461488190070883,2.011439496741838,2.57563519488826
2020-07-06T16:24:08Z,E07000220,0.8107268279263726,0.45223819051961855,0.4956907855847418,0.5940150235816748,0.7410192241199582,0.9589067276295231,1.1783510235017842,1.3737692851994452
2020-07-06T16:24:08Z,E07000221,0.9281226977915148,0.47476647412658646,0.5493815738746215,0.6758084970600009,0.8671592278597925,1.117074458128276,1.3825802496031527,1.6017533719749246
2020-07-06T16:24:08Z,E07000222,0.8581794098451399,0.5866371950926343,0.6324209764504147,0.7109760681805968,0.8318620918094004,0.968703137073136,1.1283670164638306,1.2259919989333032
2020-07-06T16:24:08Z,E07000223,0.8967169084102159,0.4927687165958321,0.5451381207998489,0.6691269881928926,0.8450350685645165,1.0648545391721582,1.3113150710082402,1.47976634189755
2020-07-06T16:24:08Z,E07000224,0.8617106858260957,0.5224892696158138,0.5798875723394642,0.6816179813961998,0.8277705153431085,1.0012818280528109,1.1912347108529828,1.3117144835350267
2020-07-06T16:24:08Z,E07000225,0.8642625089301084,0.6139505935238949,0.6516131731318162,0.7297797218559269,0.8475848202169087,0.9789188911432711,1.0932207659797977,1.1780563357436102
2020-07-06T16:24:08Z,E07000226,0.8505881208515587,0.5626988962978401,0.6131047056535065,0.6985591940325475,0.8248125569547997,0.969416042808996,1.1250777776161185,1.2443008880623736
2020-07-06T16:24:08Z,E07000227,0.778249579382742,0.2997821730491975,0.3563692697438797,0.48127415824931585,0.6759542528174033,0.9632954128726567,1.3220075519254417,1.498430757732653
2020-07-06T16:24:08Z,E07000228,0.9805713524017943,0.4327794533491139,0.507460591470321,0.6563061555077796,0.871592619494002,1.1914797303012303,1.5452537388565881,1.8840866126311424
2020-07-06T16:24:08Z,E07000229,0.9882417256323465,0.38995001772849164,0.453532538035355,0.6303312081203363,0.8775486014559178,1.22816426949441,1.609434209226477,1.9063800706177918
2020-07-06T16:24:08Z,E07000234,0.8883180697829518,0.37603987797091665,0.4524066708960923,0.5991819211714096,0.8013667069905974,1.086573340796891,1.4100456295088066,1.665470022266903
2020-07-06T16:24:08Z,E07000235,0.9127129957918964,0.5291370294601974,0.5903880415407988,0.698979416260611,0.8629958464930736,1.0616537249541214,1.2992494337358511,1.464219149081557
2020-07-06T16:24:08Z,E07000236,0.9029610077097145,0.4357937464291734,0.4973903866727757,0.6337329410358571,0.843032899050604,1.0952359356124428,1.382438599726211,1.588238470693437
2020-07-06T16:24:08Z,E07000237,0.9190237821785144,0.46855739292686305,0.5446282362387241,0.6728182198999717,0.8625463696745486,1.0920728023283361,1.3557817092773972,1.5406151058077338
2020-07-06T16:24:08Z,E07000238,0.8768454190490896,0.5328379774071325,0.581235299934066,0.686821044727958,0.8401219852718652,1.013525654049415,1.2113300402600924,1.337751534436173
2020-07-06T16:24:08Z,E07000239,0.9649111630254407,0.388704682590792,0.45453620602322936,0.6134584693818954,0.868402695558097,1.1826925813071003,1.6057271827586939,1.9008866299395077
2020-07-06T16:24:08Z,E07000240,0.8744881739366066,0.5382547815969265,0.5956921688335113,0.6941164356413996,0.8380306485343283,1.0202937367704374,1.1955011581907733,1.3090045635411196
2020-07-06T16:24:08Z,E07000241,0.8795739694781445,0.5550857270026288,0.6135679033755886,0.7177646284551513,0.851730027580232,1.0141992717960784,1.1934879970799763,1.2969879055687703
2020-07-06T16:24:08Z,E07000242,0.887769744418118,0.5707147155174097,0.6255212601570175,0.7234346292314845,0.8569524834831244,1.0185371188667474,1.205228750150578,1.2951658428276194
2020-07-06T16:24:08Z,E07000243,0.9090295335595863,0.506633564879907,0.5590615754606241,0.685184330229679,0.8496075108958583,1.0706001375687733,1.318681314906924,1.5008885880898
2020-07-06T16:24:08Z,E07000244,1.0658378826327652,0.45162907939645375,0.5416188232624404,0.7092579971326449,0.9255623619234268,1.2668635836174011,1.774793789102709,2.0717264224899674
2020-07-06T16:24:08Z,E07000245,0.8991912755314485,0.48757861420024406,0.559792429424334,0.681873293503239,0.8555836056932623,1.0597576649728884,1.2939731708995517,1.4502394332742485
2020-07-06T16:24:08Z,E07000246,0.9710654656697388,0.4378757615133228,0.509284423583374,0.6570407438717882,0.8863775771835263,1.1690551431700593,1.5193753128969034,1.8214502877551104
2020-07-06T16:24:08Z,E08000001,0.6764321500810011,0.1885077624369349,0.23800936826889443,0.34633475317154855,0.5393533530739691,0.8453499722963946,1.2761402402277158,1.6206742861751924
2020-07-06T16:24:08Z,E08000002,0.8358611319066174,0.30089419215758795,0.3702166905459227,0.5008931848483483,0.7122649480025659,1.0549212986848517,1.4885076624210432,1.7855218945247073
2020-07-06T16:24:08Z,E08000003,0.7226597526064567,0.3227398211470075,0.3848113760644901,0.4851107388341052,0.6513139827033414,0.86862765359865,1.1442801831253704,1.3748754858142824
2020-07-06T16:24:08Z,E08000004,0.6636312465067741,0.1717341121296816,0.21861864331708306,0.32467729359458525,0.5121877643613701,0.8129891031472614,1.3121120861841502,1.6960090790032545
2020-07-06T16:24:08Z,E08000005,0.638965500067034,0.16439575882051494,0.20658946875008968,0.3052451540506843,0.4974644129227326,0.8401697058634222,1.2041244393185742,1.579674538856216
2020-07-06T16:24:08Z,E08000006,0.7601829049412221,0.4353939657396664,0.48206987995193057,0.5728674768776038,0.7214869359796453,0.8916199632998864,1.1088565739085179,1.2482767744304564
2020-07-06T16:24:08Z,E08000007,0.9068036630651346,0.392511326478119,0.46547832730933386,0.6101536407314108,0.8027621254003903,1.081925684532199,1.4904578893367284,1.779684922077287
2020-07-06T16:24:08Z,E08000008,0.7785996141381644,0.19965034545505295,0.2526324894887247,0.38368927799021185,0.5895535450512772,0.937381803638021,1.5364485530875067,2.0135391059597
2020-07-06T16:24:08Z,E08000009,0.7781243888024074,0.4289985647922379,0.47581122358573463,0.583172830076082,0.7347359055155906,0.9169835576391971,1.1280665597069237,1.2854012601345235
2020-07-06T16:24:08Z,E08000010,1.0051512891689232,0.33365340044503955,0.40815032505734533,0.561901972198732,0.8454018972313646,1.2265520531016398,1.747307417615889,2.2979059995691022
2020-07-06T16:24:08Z,E08000011,0.863678130924975,0.35607634025798446,0.42224695570300497,0.5701894130215812,0.7766046921143468,1.0604490061418779,1.4057542264173735,1.6597832955749652
2020-07-06T16:24:08Z,E08000012,0.8887211256743074,0.42758778556088567,0.4956207492572458,0.6236417664755032,0.810105611372909,1.0560209280993242,1.3651431462782202,1.5952497012192117
2020-07-06T16:24:08Z,E08000013,0.9595830498710838,0.36813480515868624,0.4304701713372091,0.5792752845312954,0.8192629057347206,1.1762952469336323,1.6731462620143733,1.9877688093771768
2020-07-06T16:24:08Z,E08000014,1.0047971807855216,0.39530639108467763,0.4653087985302792,0.6270590188667042,0.8880359767584962,1.242860245749344,1.6434506196331136,2.0051132642203378
2020-07-06T16:24:08Z,E08000015,0.8486429683770598,0.26268211806326547,0.30772255103340646,0.4414239924143513,0.69408586964792085,1.0434091635318798,1.5317770121311451,1.9448728442943672
2020-07-06T16:24:08Z,E08000016,0.6912151142363707,0.17356427034579103,0.21929764611928884,0.3487988872252728,0.5185204354083195,0.8441843794245579,1.3198710641887315,1.781698880468008
2020-07-06T16:24:08Z,E08000017,0.8901797686391231,0.24720317160073832,0.3139042137932622,0.4550885889773677,0.7107344901442899,1.0923935043817794,1.7217276026889898,2.1228797798371457
2020-07-06T16:24:08Z,E08000018,0.723609152277502,0.23829171100300361,0.28598513765814565,0.41664288501326385,0.6109709018082579,0.9127093771131117,1.2977670183818468,1.5320623323230875
2020-07-06T16:24:08Z,E08000019,0.722743805006977,0.23570277551967553,0.2844449927463026,0.39992175621465303,0.5765185490722773,0.896078615414507,1.3059815073874836,1.6580432023733398
2020-07-06T16:24:08Z,E08000021,0.9830015562972374,0.5307352146858721,0.6167846272500737,0.7449279739651548,0.9271506115153352,1.1465397087141462,1.4167315473435855,1.5878133294284376
2020-07-06T16:24:08Z,E08000022,0.9666549719230316,0.4997768905933234,0.568901401590472,0.712983545168614,0.9052364233804826,1.148240955263874,1.4353856071715028,1.6582582784375701
2020-07-06T16:24:08Z,E08000023,1.178768267385974,0.3247324664006576,0.4231397050252127,0.6406017704166448,0.9590752568549771,1.4803239127935441,2.1527297482975962,2.6469343945724644
2020-07-06T16:24:08Z,E08000024,1.1714007559749393,0.4878351607476907,0.5686086496763568,0.7481692480576185,1.0156476653328612,1.4199876411242667,1.9557976894989708,2.356602908830946
2020-07-06T16:24:08Z,E08000025,0.9006915892141579,0.462362396183299,0.5283187234824995,0.6581227662501146,0.8397459330387438,1.072074185463837,1.3279041809868495,1.5496678581283694
2020-07-06T16:24:08Z,E08000026,0.9300387338610181,0.510293552468472,0.5625152536056692,0.6843087882808093,0.8639747376530902,1.1168265531781354,1.3720517801276324,1.5467733645418906
2020-07-06T16:24:08Z,E08000027,0.939581920846141,0.4505179194054828,0.5302034871372294,0.667796851910623,0.8669820215234626,1.1340026559650576,1.4501419655568286,1.6615953663069802
2020-07-06T16:24:08Z,E08000028,1.0236203969026276,0.46244220618905957,0.5494987871540437,0.7180273976185556,0.9383519161891725,1.2306688969999442,1.6347829540711967,1.8753870243039688
2020-07-06T16:24:08Z,E08000029,0.8603221608138542,0.5359256023576667,0.5853021536669094,0.6853657537660988,0.8323170728846477,0.9899807874151562,1.1561840639656022,1.2989103313075592
2020-07-06T16:24:08Z,E08000030,0.9964605296784281,0.4792717762183917,0.5453140425521115,0.6918949432207113,0.9048552008685596,1.2128696400194299,1.5761615082181075,1.830352381272844
2020-07-06T16:24:08Z,E08000031,0.8589702094099271,0.3378248602340704,0.4005001477651496,0.5481290479397475,0.7647698946630163,1.0482149462851063,1.4010816488610238,1.7105317199728305
2020-07-06T16:24:08Z,E08000032,0.6839755264911823,0.17799652353384227,0.2335101298826599,0.32625386585129756,0.5137307048421974,0.8569507202638608,1.3098163556428482,1.7399102057716525
2020-07-06T16:24:08Z,E08000033,0.7072551746390335,0.4127136759490731,0.45187940139584354,0.5424865406589936,0.6580062272065463,0.8131023152102932,1.0310758268139855,1.1677411772746342
2020-07-06T16:24:08Z,E08000034,0.713267865211738,0.2496348187215613,0.29697307647957416,0.4137405443764609,0.6003085361682738,0.8591968879985984,1.237189163386984,1.5927648405879107
2020-07-06T16:24:08Z,E08000035,0.7649887834887454,0.3391174903478237,0.39364873224911656,0.522445726439057,0.691303537575332,0.925302185585483,1.1887211057002396,1.399464469164567
2020-07-06T16:24:08Z,E08000036,0.7898660918204317,0.3496021344078571,0.41541025890050703,0.5239801809266692,0.729290239930531,0.9511345994964232,1.2445514092360415,1.457399257006938
2020-07-06T16:24:08Z,E08000037,1.0852499535647728,0.505334878209525,0.5904073686573699,0.7490446321558033,0.995203790551402,1.323944013522914,1.7289181801203173,1.9662012572258618
2020-07-06T16:24:08Z,"E09000001,E09000033",0.8563480093014997,0.7313216199462113,0.7496653250990721,0.7940186389807433,0.8506896446480877,0.9104753399921097,0.9628663376748725,1.005608976061951
2020-07-06T16:24:08Z,E09000002,0.7904162936107629,0.42377942149084985,0.47367748329089543,0.5842158431445457,0.7373725130351856,0.9449259894685511,1.1541414852055913,1.3160876625154843
2020-07-06T16:24:08Z,E09000003,0.9086513074279101,0.5120037993133418,0.5766626583199037,0.6989243278952193,0.8545392630016744,1.046667005243294,1.3056317252078995,1.4799768321792275
2020-07-06T16:24:08Z,E09000004,1.0073321707745158,0.4699903796751881,0.5521706986234225,0.7062654677425337,0.9212516092856121,1.2004073068025287,1.5695614626509156,1.8928652752624233
2020-07-06T16:24:08Z,E09000005,0.9131325845606804,0.4354696848608305,0.5127141345068394,0.6446224378299505,0.8436707044650524,1.1075903671068756,1.3809150052335188,1.6122581044529143
2020-07-06T16:24:08Z,E09000006,0.9940558801570321,0.4813197030126928,0.5445660676105967,0.7039092561176973,0.9121859233779654,1.178943595902212,1.5371750497406238,1.8303290553310405
2020-07-06T16:24:08Z,E09000007,0.8490484161349895,0.7196387579303873,0.7427286582574362,0.7878109958046257,0.8427078735453013,0.9026462836524467,0.9632612800232386,0.9965758301545471
2020-07-06T16:24:08Z,E09000008,0.8668728181841164,0.392130898927512,0.46723731068971786,0.6103657917967968,0.814957856344005,1.0519004085555497,1.3076171759420914,1.5110628634484347
2020-07-06T16:24:08Z,E09000009,0.8137359258300604,0.405036809318148,0.46351453003346643,0.5891023446218209,0.7642840126969687,0.9932828415957253,1.2223398438300868,1.3786392113167236
2020-07-06T16:24:08Z,E09000010,0.8910607522556118,0.4950916345077702,0.5545931590142037,0.6645388299460233,0.8347718177954102,1.0417321368294878,1.2812871832733876,1.4819613536636145
2020-07-06T16:24:08Z,E09000011,0.9027088977670933,0.5555650137296276,0.60736226701906,0.7293368871394885,0.8766046763778178,1.037051654225718,1.2229145466962414,1.3486389917164927
2020-07-06T16:24:08Z,E09000012,0.8329745606643036,0.6108930962594263,0.6485716728473638,0.7278470456057622,0.8142675697493502,0.9235200520104234,1.0395656381303304,1.113434234365278
2020-07-06T16:24:08Z,E09000013,0.816701855000234,0.559150670246328,0.6069936668686907,0.6938818561021923,0.798566072015721,0.9263088472892334,1.0368346631314687,1.1088367848573528
2020-07-06T16:24:08Z,E09000014,0.828191472369875,0.5788051990337247,0.6260398976063382,0.708923898859564,0.8163334277635426,0.9286439912317721,1.0468658718324426,1.1289981866563834
2020-07-06T16:24:08Z,E09000015,0.9641775912633718,0.4298752219444822,0.4984212238076837,0.6489025603385823,0.8586724160096246,1.191919349839242,1.555051381882097,1.8110530743022473
2020-07-06T16:24:08Z,E09000016,0.8348403820395273,0.41010069094874807,0.4745012345353718,0.59416070516925,0.7656257369093068,1.019029710816602,1.2422510426408857,1.4438405522624231
2020-07-06T16:24:08Z,E09000017,0.8347888505916544,0.5368845158292492,0.5975281569800228,0.6981421275782337,0.8116980097056345,0.9519059248332046,1.1059250292577165,1.1905006714569315
2020-07-06T16:24:08Z,E09000018,0.8285409388474638,0.43702294950607457,0.5021765662569627,0.6159491634570036,0.76585826666645,0.9855602115616571,1.2448113242289383,1.3999704486889293
2020-07-06T16:24:08Z,E09000019,0.8397541023208166,0.7216458241486124,0.7438579590300943,0.7843070369096707,0.8360219223519041,0.8882320171175151,0.9440216205968691,0.9730584985998131
2020-07-06T16:24:08Z,E09000020,0.8449839207379523,0.6768367372934819,0.7089925645254189,0.7742514898588491,0.8394807367842528,0.9135353002037175,0.9944732024611469,1.0402318765915153
2020-07-06T16:24:08Z,E09000021,0.9081421837840321,0.4286077704610419,0.5026007823138775,0.6440973812289533,0.830635235626997,1.1002449512056955,1.4348069061757505,1.6473546263809504
2020-07-06T16:24:08Z,E09000022,0.8872350631085035,0.5770266259867999,0.6344953340934555,0.737397724750849,0.8621347228390612,1.0123786258691632,1.1606277647414986,1.2769381085713258
2020-07-06T16:24:08Z,E09000023,0.927240126888359,0.5183227022250766,0.5933452984965526,0.7151800286559397,0.8872966275581604,1.079597353266825,1.3211335859069224,1.4667899126023467
2020-07-06T16:24:08Z,E09000024,0.9258046121271226,0.46246668820927717,0.5401536818805683,0.6687785429833101,0.8467027663291764,1.1046382218169835,1.416622347198999,1.6329743991913093
2020-07-06T16:24:08Z,E09000025,0.898776258660462,0.5486748506734622,0.6004075746985473,0.7234239115962492,0.8634498548559717,1.0415382809918738,1.212973362898465,1.339767999874806
2020-07-06T16:24:08Z,E09000026,0.9487717942405589,0.46942284068694146,0.5319387021120421,0.6840103702748733,0.8756911617694132,1.1309145099026885,1.4403387448492684,1.6541291361961923
2020-07-06T16:24:08Z,E09000027,0.840173781215425,0.6211231024650253,0.6591430219732142,0.73593506500743,0.8247144758541234,0.9162537164673911,1.0514842116254874,1.1258109739539113
2020-07-06T16:24:08Z,E09000028,0.8780437667815413,0.59735780849673,0.6478765314657097,0.740646723130807,0.8588407456191633,0.9860174849588921,1.1355288981498504,1.2118307827932948
2020-07-06T16:24:08Z,E09000029,0.9674509625533718,0.37148460213982804,0.45666582942719264,0.6031111746068691,0.8506563103437135,1.1898172279580028,1.6034455483524168,1.9503440349735794
2020-07-06T16:24:08Z,E09000030,0.8461718055710868,0.7195334195597121,0.7486754563015676,0.7871921067203489,0.8401699270651058,0.8968885466362103,0.9514796146977142,0.993572869853374
2020-07-06T16:24:08Z,E09000031,0.9333661038668187,0.5093244642004814,0.5701085923895504,0.7004784985181387,0.8826457912141551,1.090019599996559,1.3513955541836218,1.5715029708015071
2020-07-06T16:24:08Z,E09000032,0.8614061630695141,0.6098135685409413,0.6472786396899255,0.7314480661844086,0.8423003929087198,0.9629795237976096,1.1109974682376618,1.212010929613534
